{
  "pareto": {
    "pareto_min": [
      0.02630279709252159,
      0.4845273329807527,
      0.1578765029998375
    ]
  },
  "algo_compare": {
    "shoot_res": 0.022273512934135636,
    "shoot_time": 0.006016957922838628,
    "coll_res": 0.35147546297962995,
    "coll_time": 7.170799653977156e-05
  },
  "elapsed_s": 0.8134670257568359
}